<XMLDB xmlns:xsi="http://www.w3.org/2001/XMLSchema-instance" PATH="mod/apeinsvier/db" VERSION="20180619" COMMENT="XMLDB file for Moodle mod/apeinsvier" xsi:noNamespaceSchemaLocation="../../../lib/xmldb/xmldb.xsd">
  <TABLES>
    <TABLE NAME="apeinsvier" COMMENT="Default comment for apeinsvier, please edit me">
      <FIELDS>
        <FIELD NAME="id" TYPE="int" LENGTH="10" NOTNULL="true" SEQUENCE="true"/>
        <FIELD NAME="course" TYPE="int" LENGTH="10" NOTNULL="true" SEQUENCE="false" COMMENT="Course apeinsvier activity belongs to"/>
        <FIELD NAME="name" TYPE="char" LENGTH="255" NOTNULL="true" SEQUENCE="false" COMMENT="name field for moodle instances"/>
        <FIELD NAME="intro" TYPE="text" NOTNULL="true" SEQUENCE="false" COMMENT="General introduction of the apeinsvier activity"/>
        <FIELD NAME="introformat" TYPE="int" LENGTH="4" NOTNULL="true" DEFAULT="0" SEQUENCE="false" COMMENT="Format of the intro field (MOODLE, HTML, MARKDOWN...)"/>
        <FIELD NAME="timecreated" TYPE="int" LENGTH="10" NOTNULL="true" SEQUENCE="false"/>
        <FIELD NAME="timemodified" TYPE="int" LENGTH="10" NOTNULL="true" DEFAULT="0" SEQUENCE="false"/>
        <FIELD NAME="grade" TYPE="int" LENGTH="10" NOTNULL="true" DEFAULT="100" SEQUENCE="false" COMMENT="The maximum grade. Can be negative to indicate the use of a scale."/>
      </FIELDS>
      <KEYS>
        <KEY NAME="primary" TYPE="primary" FIELDS="id"/>
      </KEYS>
      <INDEXES>
        <INDEX NAME="course" UNIQUE="false" FIELDS="course"/>
      </INDEXES>
    </TABLE>
    <TABLE NAME="resources" COMMENT="Table for capturing resources to lend and rent">
      <FIELDS>
        <FIELD NAME="id" TYPE="int" LENGTH="10" NOTNULL="true" SEQUENCE="true"/>
        <FIELD NAME="name" TYPE="char" LENGTH="255" NOTNULL="true" SEQUENCE="false" COMMENT="Name der Ressource"/>
        <FIELD NAME="description" TYPE="text" NOTNULL="false" SEQUENCE="false" COMMENT="Beschreibung"/>
        <FIELD NAME="serialnumber" TYPE="char" LENGTH="255" NOTNULL="false" SEQUENCE="false" COMMENT="Seriennummer"/>
        <FIELD NAME="inventorynumber" TYPE="char" LENGTH="255" NOTNULL="false" SEQUENCE="false" COMMENT="Inventarnummer"/>
        <FIELD NAME="comment" TYPE="text" NOTNULL="false" SEQUENCE="false" COMMENT="Anmerkung"/>
        <FIELD NAME="status" TYPE="int" LENGTH="2" NOTNULL="true" SEQUENCE="false" COMMENT="Statusid: Ausgeliehen - 0 , Verfuegbar - 1, in Wartung - 2"/>
        <FIELD NAME="amount" TYPE="int" LENGTH="7" NOTNULL="false" SEQUENCE="false" COMMENT="Menge"/>
        <FIELD NAME="type" TYPE="int" LENGTH="2" NOTNULL="true" SEQUENCE="false" COMMENT="Art der Ressource: Stückgut (z.B. Smartphone) - 0; Schüttgut (z.B. Kullis) - 1"/>
        <FIELD NAME="maincategory" TYPE="char" LENGTH="255" NOTNULL="true" SEQUENCE="false" COMMENT="Kategorie"/>
        <FIELD NAME="subcategory" TYPE="char" LENGTH="255" NOTNULL="true" SEQUENCE="false" COMMENT="Subkategorie"/>
      </FIELDS>
      <KEYS>
        <KEY NAME="primary" TYPE="primary" FIELDS="id"/>
      </KEYS>
    </TABLE>
  </TABLES>
</XMLDB>
